email,name
demo01@example.test,Demo Recipient 1
demo02@example.test,Demo Recipient 2
demo03@example.test,Demo Recipient 3
demo04@example.test,Demo Recipient 4
demo05@example.test,Demo Recipient 5
demo06@example.test,Demo Recipient 6
demo07@example.test,Demo Recipient 7
demo08@example.test,Demo Recipient 8
demo09@example.test,Demo Recipient 9
demo10@example.test,Demo Recipient 10
demo11@example.test,Demo Recipient 11
demo12@example.test,Demo Recipient 12
demo13@example.test,Demo Recipient 13
demo14@example.test,Demo Recipient 14
demo15@example.test,Demo Recipient 15
demo16@example.test,Demo Recipient 16
demo17@example.test,Demo Recipient 17
demo18@example.test,Demo Recipient 18
demo19@example.test,Demo Recipient 19
demo20@example.test,Demo Recipient 20
demo21@example.test,Demo Recipient 21
demo22@example.test,Demo Recipient 22
demo23@example.test,Demo Recipient 23
demo24@example.test,Demo Recipient 24
demo25@example.test,Demo Recipient 25
demo26@example.test,Demo Recipient 26
demo27@example.test,Demo Recipient 27
demo28@example.test,Demo Recipient 28
demo29@example.test,Demo Recipient 29
demo30@example.test,Demo Recipient 30
